dynamics_loss_step,epoch,initial_omega_loss_step,initial_theta_loss_step,step,train_loss_step
0.058141447603702545,0,0.046424750238657,0.3743419647216797,49,0.47890817339028047
